sheet1,sheet2
孝南区,云梦县
洪山区,江夏区
洪山区,江夏区
洪山区,江夏区
东湖新技术开发区,经开区
青山区,经开区
仙桃市,经开区
经开区,经开区
东西湖区,经开区
东西湖区,经开区
经开区,经开区
经开区,经开区
硚口区,经开区
经开区,经开区
东湖新技术开发区,经开区
江岸区,经开区
江夏区,经开区
江岸区,经开区
江岸区,经开区
经开区,经开区
武昌区,经开区
汉阳区,经开区
洪山区,经开区
东湖新技术开发区,经开区
武昌区,经开区
东湖新技术开发区,经开区
经开区,经开区
经开区,经开区
江岸区,经开区
经开区,经开区
武昌区,经开区
汉阳区,经开区
东西湖区,经开区
硚口区,经开区
东西湖区,经开区
硚口区,经开区
东西湖区,经开区
经开区,经开区
江汉区,经开区
经开区,经开区
仙桃市,经开区
武昌区,经开区
经开区,经开区
经开区,经开区
武昌区,经开区
江汉区,经开区
东湖新技术开发区,经开区
仙桃市,经开区
武昌区,经开区
武昌区,经开区
江汉区,经开区
汉阳区,经开区
汉阳区,经开区
经开区,经开区
东西湖区,经开区
经开区,经开区
江汉区,经开区
武昌区,经开区
经开区,经开区
青山区,经开区
江汉区,经开区
东西湖区,经开区
江岸区,经开区
江岸区,经开区
硚口区,经开区
天门市,天门市
武昌区,经开区
经开区,经开区
蔡甸区,经开区
经开区,经开区
汉阳区,经开区
洪山区,经开区
经开区,经开区
东湖新技术开发区,经开区
经开区,经开区
硚口区,经开区
汉阳区,经开区
江汉区,经开区
经开区,经开区
汉阳区,经开区
汉阳区,经开区
洪山区,经开区
东西湖区,经开区
经开区,经开区
江岸区,经开区
经开区,经开区
经开区,经开区
东西湖区,经开区
经开区,经开区
江夏区,经开区
硚口区,经开区
东湖新技术开发区,经开区
武昌区,经开区
硚口区,经开区
洪山区,经开区
江岸区,经开区
经开区,经开区
仙桃市,经开区
黄陂区,经开区
东湖新技术开发区,经开区
经开区,经开区
东西湖区,经开区
经开区,经开区
蔡甸区,经开区
经开区,经开区
汉阳区,经开区
汉阳区,经开区
江岸区,经开区
江岸区,经开区
武昌区,经开区
经开区,经开区
经开区,经开区
东湖新技术开发区,经开区
东西湖区,经开区
经开区,经开区
江汉区,经开区
黄陂区,经开区
江岸区,经开区
经开区,经开区
东西湖区,经开区
浠水县,经开区
经开区,经开区
东西湖区,经开区
经开区,经开区
东湖新技术开发区,经开区
东西湖区,经开区
经开区,经开区
东西湖区,经开区
洪山区,经开区
经开区,经开区
东湖新技术开发区,经开区
浠水县,经开区
汉阳区,经开区
经开区,经开区
经开区,经开区
汉阳区,经开区
武昌区,经开区
江岸区,经开区
江岸区,经开区
江岸区,经开区
东湖新技术开发区,经开区
汉阳区,经开区
硚口区,经开区
经开区,经开区
经开区,经开区
江岸区,经开区
江岸区,经开区
经开区,经开区
硚口区,经开区
东西湖区,经开区
经开区,经开区
硚口区,经开区
洪山区,经开区
新洲区,经开区
硚口区,经开区
经开区,经开区
经开区,经开区
江岸区,经开区
经开区,经开区
东西湖区,经开区
经开区,经开区
东湖新技术开发区,经开区
经开区,经开区
东西湖区,经开区
蔡甸区,经开区
经开区,经开区
经开区,经开区
经开区,经开区
经开区,经开区
洪山区,经开区
汉阳区,经开区
经开区,经开区
汉阳区,经开区
汉阳区,经开区
经开区,经开区
东湖新技术开发区,经开区
江岸区,经开区
东湖新技术开发区,经开区
东西湖区,经开区
经开区,经开区
经开区,经开区
汉阳区,经开区
汉阳区,经开区
东西湖区,经开区
武昌区,经开区
江岸区,经开区
经开区,经开区
武昌区,经开区
经开区,经开区
经开区,经开区
经开区,经开区
硚口区,经开区
东湖新技术开发区,经开区
东西湖区,经开区
硚口区,经开区
经开区,经开区
东湖新技术开发区,经开区
东西湖区,经开区
洪山区,经开区
江岸区,经开区
硚口区,经开区
汉阳区,经开区
经开区,经开区
硚口区,经开区
经开区,经开区
蔡甸区,经开区
武昌区,经开区
汉阳区,经开区
江岸区,经开区
东湖新技术开发区,经开区
经开区,经开区
经开区,经开区
经开区,经开区
经开区,经开区
江岸区,经开区
新洲区,经开区
江汉区,经开区
硚口区,经开区
经开区,经开区
武昌区,经开区
经开区,经开区
经开区,经开区
经开区,经开区
东西湖区,经开区
江汉区,经开区
经开区,经开区
江汉区,经开区
东西湖区,经开区
东西湖区,经开区
经开区,经开区
江岸区,经开区
经开区,经开区
洪山区,经开区
东西湖区,经开区
洪山区,经开区
东西湖区,经开区
江岸区,经开区
江岸区,经开区
江岸区,经开区
洪山区,经开区
经开区,经开区
江汉区,经开区
经开区,经开区
蔡甸区,经开区
江岸区,经开区
经开区,经开区
武昌区,经开区
东湖新技术开发区,经开区
经开区,经开区
东湖新技术开发区,经开区
硚口区,经开区
经开区,经开区
江汉区,经开区
江汉区,经开区
经开区,经开区
经开区,经开区
硚口区,经开区
东西湖区,经开区
江汉区,经开区
经开区,经开区
东西湖区,经开区
蔡甸区,经开区
东湖新技术开发区,经开区
东湖新技术开发区,经开区
青山区,经开区
东湖新技术开发区,经开区
经开区,经开区
武昌区,经开区
江汉区,经开区
东西湖区,经开区
汉阳区,经开区
经开区,经开区
经开区,经开区
经开区,经开区
经开区,经开区
东湖新技术开发区,经开区
汉阳区,经开区
经开区,经开区
江岸区,经开区
洪山区,经开区
经开区,经开区
经开区,经开区
武昌区,经开区
汉阳区,经开区
经开区,经开区
洪山区,经开区
江汉区,经开区
经开区,经开区
经开区,经开区
武昌区,经开区
东湖新技术开发区,经开区
经开区,经开区
经开区,经开区
汉阳区,经开区
东湖新技术开发区,经开区
汉阳区,经开区
江岸区,经开区
江岸区,经开区
江岸区,经开区
洪山区,经开区
经开区,经开区
硚口区,经开区
新洲区,经开区
江岸区,经开区
江岸区,经开区
东西湖区,经开区
经开区,经开区
蔡甸区,经开区
武昌区,经开区
东湖新技术开发区,经开区
武昌区,经开区
江岸区,经开区
蔡甸区,经开区
经开区,经开区
经开区,经开区
经开区,经开区
东西湖区,经开区
东西湖区,经开区
经开区,经开区
经开区,经开区
经开区,经开区
东湖新技术开发区,经开区
经开区,经开区
经开区,经开区
汉阳区,经开区
江夏区,经开区
汉阳区,经开区
蔡甸区,经开区
江汉区,经开区
经开区,经开区
武昌区,经开区
武昌区,经开区
经开区,经开区
经开区,经开区
东西湖区,经开区
蔡甸区,经开区
东西湖区,经开区
经开区,经开区
武昌区,经开区
经开区,经开区
武昌区,经开区
汉阳区,经开区
蔡甸区,经开区
经开区,经开区
东西湖区,经开区
蔡甸区,经开区
武昌区,经开区
汉阳区,经开区
经开区,经开区
硚口区,经开区
蔡甸区,经开区
经开区,经开区
洪山区,经开区
经开区,经开区
经开区,经开区
武昌区,经开区
经开区,经开区
东西湖区,经开区
蔡甸区,经开区
东西湖区,经开区
经开区,经开区
经开区,经开区
东西湖区,经开区
经开区,经开区
仙桃市,经开区
汉阳区,经开区
经开区,经开区
硚口区,经开区
江岸区,经开区
东西湖区,经开区
经开区,经开区
经开区,经开区
经开区,经开区
洪山区,经开区
东湖新技术开发区,经开区
洪山区,经开区
蔡甸区,经开区
江岸区,经开区
武昌区,经开区
江岸区,经开区
蔡甸区,经开区
江岸区,经开区
江汉区,经开区
汉阳区,经开区
东湖新技术开发区,经开区
武昌区,经开区
东湖新技术开发区,经开区
经开区,经开区
东湖新技术开发区,经开区
经开区,经开区
硚口区,经开区
经开区,经开区
江岸区,经开区
经开区,经开区
经开区,经开区
汉阳区,经开区
经开区,经开区
经开区,经开区
汉阳区,经开区
江岸区,经开区
经开区,经开区
江岸区,经开区
经开区,经开区
江汉区,经开区
东湖新技术开发区,经开区
洪山区,经开区
经开区,经开区
洪山区,经开区
新洲区,经开区
硚口区,经开区
经开区,经开区
经开区,经开区
经开区,经开区
洪山区,经开区
东西湖区,经开区
经开区,经开区
经开区,经开区
新洲区,经开区
经开区,经开区
汉阳区,经开区
经开区,经开区
洪山区,经开区
洪山区,经开区
东西湖区,经开区
经开区,经开区
东湖新技术开发区,经开区
武昌区,经开区
江汉区,经开区
东西湖区,经开区
江岸区,经开区
蔡甸区,经开区
武昌区,经开区
经开区,经开区
东湖新技术开发区,经开区
硚口区,经开区
江岸区,经开区
汉阳区,经开区
东西湖区,经开区
经开区,经开区
武昌区,经开区
江岸区,经开区
洪山区,经开区
经开区,经开区
经开区,经开区
经开区,经开区
江岸区,经开区
东西湖区,经开区
洪山区,经开区
江岸区,经开区
仙桃市,经开区
蔡甸区,经开区
东西湖区,经开区
洪山区,经开区
汉阳区,经开区
经开区,经开区
硚口区,经开区
江岸区,经开区
经开区,经开区
蔡甸区,经开区
硚口区,经开区
武昌区,经开区
蔡甸区,经开区
经开区,经开区
经开区,经开区
新洲区,经开区
武昌区,经开区
汉川市,经开区
经开区,经开区
硚口区,经开区
经开区,经开区
武昌区,经开区
江汉区,经开区
江岸区,经开区
经开区,经开区
汉阳区,经开区
经开区,经开区
江夏区,经开区
东西湖区,经开区
经开区,经开区
经开区,经开区
经开区,经开区
东湖新技术开发区,经开区
经开区,经开区
江岸区,经开区
东西湖区,经开区
经开区,经开区
硚口区,经开区
汉阳区,经开区
江汉区,经开区
汉阳区,经开区
经开区,经开区
洪山区,经开区
硚口区,经开区
经开区,经开区
经开区,经开区
经开区,经开区
黄陂区,经开区
洪山区,经开区
东西湖区,经开区
东湖新技术开发区,经开区
经开区,经开区
汉阳区,经开区
新洲区,经开区
东西湖区,经开区
仙桃市,经开区
汉阳区,经开区
经开区,经开区
东西湖区,经开区
江汉区,经开区
东西湖区,经开区
硚口区,经开区
东湖新技术开发区,经开区
江岸区,经开区
经开区,经开区
江岸区,经开区
经开区,经开区
汉阳区,经开区
武昌区,经开区
东湖新技术开发区,经开区
经开区,经开区
江岸区,经开区
青山区,经开区
经开区,经开区
江岸区,经开区
经开区,经开区
经开区,经开区
经开区,经开区
洪山区,经开区
东湖新技术开发区,经开区
武昌区,经开区
经开区,经开区
东西湖区,经开区
东湖新技术开发区,经开区
经开区,经开区
经开区,经开区
江汉区,经开区
汉阳区,经开区
东湖新技术开发区,经开区
经开区,经开区
东西湖区,经开区
经开区,经开区
武昌区,经开区
江汉区,经开区
经开区,经开区
江汉区,经开区
孝昌县,经开区
江汉区,经开区
经开区,经开区
新洲区,经开区
经开区,经开区
江岸区,经开区
经开区,经开区
汉阳区,经开区
汉阳区,经开区
江岸区,经开区
经开区,经开区
硚口区,经开区
汉阳区,经开区
经开区,经开区
经开区,经开区
东西湖区,经开区
硚口区,经开区
东西湖区,经开区
经开区,经开区
东湖新技术开发区,经开区
东西湖区,经开区
经开区,经开区
江夏区,经开区
江岸区,经开区
东湖新技术开发区,经开区
经开区,经开区
东西湖区,经开区
东湖新技术开发区,经开区
江岸区,经开区
东西湖区,经开区
东湖新技术开发区,经开区
硚口区,经开区
经开区,经开区
经开区,经开区
硚口区,经开区
经开区,经开区
经开区,经开区
武昌区,经开区
青山区,经开区
洪山区,经开区
经开区,经开区
江岸区,经开区
经开区,经开区
经开区,经开区
蔡甸区,经开区
蔡甸区,经开区
硚口区,经开区
硚口区,经开区
经开区,经开区
经开区,经开区
东湖新技术开发区,经开区
硚口区,经开区
新洲区,经开区
经开区,经开区
经开区,经开区
洪山区,经开区
蔡甸区,经开区
汉阳区,经开区
江汉区,经开区
新洲区,经开区
东湖新技术开发区,经开区
硚口区,经开区
武昌区,经开区
江岸区,经开区
洪山区,经开区
东湖新技术开发区,经开区
东湖新技术开发区,经开区
经开区,经开区
江岸区,经开区
经开区,经开区
江汉区,经开区
硚口区,经开区
仙桃市,经开区
经开区,经开区
经开区,经开区
经开区,经开区
东湖新技术开发区,经开区
江岸区,经开区
经开区,经开区
江汉区,经开区
经开区,经开区
经开区,经开区
武昌区,经开区
江岸区,经开区
汉阳区,经开区
东湖新技术开发区,经开区
经开区,经开区
经开区,经开区
江岸区,经开区
经开区,经开区
经开区,经开区
汉阳区,经开区
江岸区,经开区
经开区,经开区
武昌区,经开区
经开区,经开区
东湖新技术开发区,经开区
汉阳区,经开区
蔡甸区,经开区
经开区,经开区
经开区,经开区
蔡甸区,经开区
经开区,经开区
东湖新技术开发区,经开区
武昌区,经开区
武昌区,经开区
东湖新技术开发区,经开区
经开区,经开区
江岸区,经开区
洪山区,经开区
经开区,经开区
经开区,经开区
汉阳区,经开区
经开区,经开区
经开区,经开区
仙桃市,经开区
经开区,经开区
经开区,经开区
东西湖区,经开区
江岸区,经开区
汉阳区,经开区
江汉区,经开区
洪山区,经开区
经开区,经开区
东西湖区,经开区
经开区,经开区
东西湖区,经开区
东湖新技术开发区,经开区
江岸区,经开区
汉阳区,经开区
东西湖区,经开区
东西湖区,经开区
蔡甸区,经开区
经开区,经开区
经开区,经开区
江岸区,经开区
东西湖区,经开区
洪山区,经开区
江汉区,经开区
江岸区,经开区
硚口区,经开区
武昌区,经开区
硚口区,经开区
汉阳区,经开区
东西湖区,经开区
硚口区,经开区
经开区,经开区
经开区,经开区
汉阳区,经开区
江夏区,经开区
硚口区,经开区
蔡甸区,经开区
蔡甸区,经开区
洪山区,经开区
江岸区,经开区
经开区,经开区
经开区,经开区
经开区,经开区
孝昌县,经开区
武昌区,经开区
东西湖区,经开区
江汉区,经开区
经开区,经开区
经开区,经开区
江岸区,经开区
江汉区,经开区
东西湖区,经开区
江岸区,经开区
江汉区,经开区
经开区,经开区
江岸区,经开区
蔡甸区,经开区
武昌区,经开区
武昌区,经开区
经开区,经开区
汉阳区,经开区
江岸区,经开区
江岸区,经开区
东湖新技术开发区,经开区
东湖新技术开发区,经开区
东湖新技术开发区,经开区
经开区,经开区
汉阳区,经开区
东西湖区,经开区
经开区,经开区
东湖新技术开发区,经开区
经开区,经开区
经开区,经开区
经开区,经开区
东西湖区,经开区
东湖新技术开发区,经开区
江汉区,经开区
仙桃市,经开区
武昌区,经开区
武昌区,经开区
蔡甸区,经开区
硚口区,经开区
东湖新技术开发区,经开区
武昌区,经开区
经开区,经开区
经开区,经开区
经开区,经开区
蔡甸区,经开区
东湖新技术开发区,经开区
经开区,经开区
洪山区,经开区
经开区,经开区
经开区,经开区
经开区,经开区
东西湖区,经开区
东湖新技术开发区,经开区
经开区,经开区
硚口区,经开区
经开区,经开区
汉阳区,经开区
蔡甸区,经开区
经开区,经开区
经开区,经开区
经开区,经开区
经开区,经开区
经开区,经开区
江岸区,经开区
经开区,经开区
江岸区,经开区
洪山区,经开区
经开区,经开区
经开区,经开区
武昌区,经开区
东湖新技术开发区,经开区
经开区,经开区
经开区,经开区
东西湖区,经开区
硚口区,经开区
东西湖区,经开区
武昌区,经开区
东西湖区,经开区
经开区,经开区
蔡甸区,经开区
经开区,经开区
江岸区,经开区
东湖新技术开发区,经开区
经开区,经开区
洪山区,经开区
武昌区,经开区
经开区,经开区
硚口区,经开区
洪山区,经开区
洪山区,经开区
洪山区,经开区
江汉区,经开区
汉阳区,经开区
经开区,经开区
武昌区,经开区
经开区,经开区
经开区,经开区
黄陂区,经开区
新洲区,经开区
东湖新技术开发区,经开区
东湖新技术开发区,经开区
武昌区,经开区
经开区,经开区
经开区,经开区
东湖新技术开发区,经开区
洪山区,经开区
东西湖区,经开区
经开区,经开区
汉阳区,经开区
东西湖区,经开区
经开区,经开区
经开区,经开区
经开区,经开区
经开区,经开区
孝昌县,经开区
江汉区,经开区
江岸区,经开区
经开区,经开区
东西湖区,经开区
经开区,经开区
青山区,经开区
江夏区,经开区
汉阳区,经开区
经开区,经开区
经开区,经开区
黄陂区,经开区
东西湖区,经开区
经开区,经开区
江汉区,经开区
东西湖区,经开区
江岸区,经开区
汉阳区,经开区
经开区,经开区
江岸区,经开区
仙桃市,经开区
江岸区,经开区
经开区,经开区
汉阳区,经开区
经开区,经开区
江岸区,经开区
经开区,经开区
东湖新技术开发区,经开区
东湖新技术开发区,经开区
经开区,经开区
经开区,经开区
经开区,经开区
硚口区,经开区
经开区,经开区
经开区,经开区
汉阳区,经开区
经开区,经开区
经开区,经开区
新洲区,经开区
硚口区,经开区
经开区,经开区
江岸区,经开区
江汉区,经开区
经开区,经开区
经开区,经开区
硚口区,经开区
仙桃市,经开区
蔡甸区,经开区
汉阳区,经开区
汉阳区,经开区
汉阳区,经开区
江岸区,经开区
武昌区,经开区
经开区,经开区
汉阳区,经开区
经开区,经开区
蔡甸区,经开区
经开区,经开区
江岸区,经开区
经开区,经开区
经开区,经开区
硚口区,经开区
硚口区,经开区
经开区,经开区
仙桃市,经开区
新洲区,经开区
江岸区,经开区
蔡甸区,经开区
东湖新技术开发区,经开区
江汉区,经开区
经开区,经开区
经开区,经开区
东湖新技术开发区,经开区
汉阳区,经开区
江岸区,经开区
经开区,经开区
蔡甸区,经开区
经开区,经开区
经开区,经开区
经开区,经开区
江汉区,经开区
经开区,经开区
东西湖区,经开区
经开区,经开区
洪山区,经开区
武昌区,经开区
经开区,经开区
经开区,经开区
汉阳区,经开区
经开区,经开区
武昌区,经开区
江岸区,经开区
东西湖区,经开区
新洲区,经开区
江岸区,经开区
东湖新技术开发区,经开区
武昌区,经开区
仙桃市,经开区
经开区,经开区
蔡甸区,经开区
经开区,经开区
仙桃市,经开区
经开区,经开区
洪山区,经开区
东湖新技术开发区,经开区
经开区,经开区
东西湖区,经开区
蔡甸区,经开区
经开区,经开区
经开区,经开区
汉阳区,经开区
经开区,经开区
东西湖区,经开区
经开区,经开区
汉阳区,经开区
江汉区,经开区
经开区,经开区
经开区,经开区
东西湖区,经开区
东西湖区,经开区
经开区,经开区
江岸区,经开区
经开区,经开区
蔡甸区,经开区
经开区,经开区
东西湖区,经开区
东湖新技术开发区,经开区
汉阳区,经开区
硚口区,经开区
经开区,经开区
江汉区,经开区
经开区,经开区
东湖新技术开发区,经开区
经开区,经开区
新洲区,经开区
武昌区,经开区
经开区,经开区
经开区,经开区
经开区,经开区
汉阳区,经开区
武昌区,经开区
东西湖区,经开区
江岸区,经开区
汉阳区,经开区
经开区,经开区
经开区,经开区
东湖新技术开发区,经开区
江岸区,经开区
经开区,经开区
江岸区,经开区
东西湖区,经开区
武昌区,经开区
经开区,经开区
江汉区,经开区
经开区,经开区
江岸区,经开区
江岸区,经开区
江岸区,经开区
经开区,经开区
经开区,经开区
江汉区,经开区
江岸区,经开区
武昌区,经开区
洪山区,经开区
汉阳区,经开区
东湖新技术开发区,经开区
咸安区,经开区
汉阳区,经开区
汉阳区,经开区
经开区,经开区
江岸区,经开区
经开区,经开区
武昌区,经开区
新洲区,经开区
东西湖区,经开区
江夏区,经开区
洪山区,经开区
江岸区,经开区
东湖新技术开发区,经开区
东湖新技术开发区,经开区
经开区,经开区
江岸区,经开区
洪山区,经开区
经开区,经开区
汉阳区,经开区
经开区,经开区
经开区,经开区
江汉区,经开区
硚口区,经开区
经开区,经开区
东西湖区,经开区
汉阳区,经开区
江汉区,经开区
经开区,经开区
经开区,经开区
江汉区,经开区
经开区,经开区
江岸区,经开区
经开区,经开区
经开区,经开区
经开区,经开区
经开区,经开区
经开区,经开区
武昌区,经开区
经开区,经开区
黄陂区,经开区
新洲区,经开区
硚口区,经开区
经开区,经开区
经开区,经开区
武昌区,经开区
经开区,经开区
经开区,经开区
经开区,经开区
经开区,经开区
东西湖区,经开区
汉阳区,经开区
经开区,经开区
东湖新技术开发区,经开区
经开区,经开区
咸安区,经开区
汉阳区,经开区
江岸区,经开区
江岸区,经开区
江汉区,经开区
江汉区,经开区
蔡甸区,经开区
经开区,经开区
经开区,经开区
经开区,经开区
江岸区,经开区
东湖新技术开发区,经开区
经开区,经开区
洪山区,经开区
江汉区,经开区
江汉区,经开区
汉阳区,经开区
蔡甸区,经开区
汉川市,经开区
经开区,经开区
江夏区,经开区
东湖新技术开发区,经开区
江岸区,经开区
经开区,经开区
蔡甸区,经开区
经开区,经开区
洪山区,经开区
经开区,经开区
东西湖区,经开区
经开区,经开区
仙桃市,经开区
经开区,经开区
东湖新技术开发区,经开区
洪山区,经开区
武昌区,经开区
东湖新技术开发区,经开区
仙桃市,经开区
蔡甸区,经开区
武昌区,经开区
经开区,经开区
蔡甸区,经开区
汉阳区,经开区
经开区,经开区
江岸区,经开区
硚口区,经开区
新洲区,经开区
经开区,经开区
新洲区,经开区
汉阳区,经开区
江汉区,经开区
经开区,经开区
经开区,经开区
江汉区,经开区
江汉区,经开区
江岸区,经开区
硚口区,经开区
经开区,经开区
东西湖区,经开区
江汉区,经开区
东西湖区,经开区
东湖新技术开发区,经开区
经开区,经开区
江岸区,经开区
经开区,经开区
硚口区,经开区
东湖新技术开发区,经开区
江岸区,经开区
经开区,经开区
东西湖区,经开区
经开区,经开区
硚口区,经开区
经开区,经开区
东西湖区,经开区
汉阳区,经开区
经开区,经开区
硚口区,经开区
经开区,经开区
汉阳区,经开区
经开区,经开区
汉阳区,经开区
经开区,经开区
东西湖区,经开区
硚口区,经开区
经开区,经开区
经开区,经开区
经开区,经开区
江岸区,经开区
仙桃市,经开区
东湖新技术开发区,经开区
黄陂区,经开区
经开区,经开区
经开区,经开区
武昌区,经开区
蔡甸区,经开区
新洲区,经开区
经开区,经开区
江岸区,经开区
汉阳区,经开区
东西湖区,经开区
经开区,经开区
武昌区,经开区
武昌区,经开区
洪山区,经开区
东湖新技术开发区,经开区
鄂州市,经开区
东西湖区,经开区
东西湖区,经开区
经开区,经开区
咸安区,经开区
武昌区,经开区
经开区,经开区
东湖新技术开发区,经开区
经开区,经开区
蔡甸区,经开区
经开区,经开区
经开区,经开区
江岸区,经开区
东湖新技术开发区,经开区
东西湖区,经开区
经开区,经开区
汉阳区,经开区
汉阳区,经开区
经开区,经开区
洪山区,经开区
经开区,经开区
汉阳区,经开区
经开区,经开区
江岸区,经开区
经开区,经开区
江汉区,经开区
东西湖区,经开区
东湖新技术开发区,经开区
经开区,经开区
经开区,经开区
经开区,经开区
江汉区,经开区
武昌区,经开区
经开区,经开区
经开区,经开区
仙桃市,经开区
江岸区,经开区
东西湖区,经开区
经开区,经开区
经开区,经开区
东湖新技术开发区,经开区
东西湖区,经开区
经开区,经开区
经开区,经开区
经开区,经开区
洪山区,经开区
东湖新技术开发区,经开区
武昌区,经开区
经开区,经开区
经开区,经开区
经开区,经开区
经开区,经开区
江岸区,经开区
黄州区,经开区
东湖新技术开发区,经开区
经开区,经开区
汉阳区,经开区
江岸区,经开区
经开区,经开区
武昌区,经开区
经开区,经开区
东西湖区,经开区
经开区,经开区
东西湖区,经开区
东西湖区,经开区
汉阳区,经开区
武昌区,经开区
经开区,经开区
汉阳区,经开区
江岸区,经开区
经开区,经开区
汉阳区,经开区
东湖新技术开发区,经开区
武昌区,经开区
汉阳区,经开区
经开区,经开区
经开区,经开区
武昌区,经开区
新洲区,经开区
东湖新技术开发区,经开区
东西湖区,经开区
洪山区,经开区
经开区,经开区
汉阳区,经开区
汉阳区,经开区
汉阳区,经开区
江岸区,经开区
咸安区,经开区
蔡甸区,经开区
经开区,经开区
江岸区,经开区
经开区,经开区
武昌区,经开区
江岸区,经开区
汉阳区,经开区
硚口区,经开区
武昌区,经开区
浠水县,经开区
经开区,经开区
东西湖区,经开区
汉阳区,经开区
经开区,经开区
经开区,经开区
洪山区,经开区
江岸区,经开区
经开区,经开区
硚口区,经开区
武昌区,经开区
经开区,经开区
经开区,经开区
经开区,经开区
东西湖区,经开区
汉阳区,经开区
硚口区,经开区
江岸区,经开区
江岸区,经开区
经开区,经开区
江岸区,经开区
经开区,经开区
经开区,经开区
经开区,经开区
江岸区,经开区
武昌区,经开区
经开区,经开区
江汉区,经开区
经开区,经开区
经开区,经开区
江汉区,经开区
经开区,经开区
江汉区,经开区
蔡甸区,经开区
江汉区,经开区
硚口区,经开区
东湖新技术开发区,经开区
经开区,经开区
东西湖区,经开区
东湖新技术开发区,经开区
硚口区,经开区
经开区,经开区
东西湖区,经开区
硚口区,经开区
江岸区,经开区
江夏区,经开区
经开区,经开区
江岸区,经开区
东湖新技术开发区,经开区
洪山区,经开区
经开区,经开区
东湖新技术开发区,经开区
东湖新技术开发区,经开区
东西湖区,经开区
东西湖区,经开区
洪山区,经开区
经开区,经开区
汉阳区,经开区
东西湖区,经开区
经开区,经开区
汉阳区,经开区
东西湖区,经开区
武昌区,经开区
经开区,经开区
经开区,经开区
黄州区,经开区
经开区,经开区
蔡甸区,经开区
青山区,经开区
青山区,经开区
硚口区,经开区
洪山区,经开区
经开区,经开区
经开区,经开区
经开区,经开区
江汉区,经开区
仙桃市,经开区
经开区,经开区
东西湖区,经开区
蔡甸区,经开区
经开区,经开区
经开区,经开区
江汉区,经开区
东湖新技术开发区,经开区
经开区,经开区
洪山区,经开区
洪山区,经开区
经开区,经开区
蔡甸区,经开区
经开区,经开区
经开区,经开区
硚口区,经开区
武昌区,经开区
武昌区,经开区
东西湖区,经开区
江汉区,经开区
江岸区,经开区
东西湖区,经开区
经开区,经开区
经开区,经开区
经开区,经开区
经开区,经开区
汉阳区,经开区
洪山区,经开区
经开区,经开区
经开区,经开区
洪山区,经开区
东西湖区,经开区
东西湖区,经开区
武昌区,经开区
江夏区,经开区
蔡甸区,经开区
蔡甸区,经开区
东湖新技术开发区,经开区
蔡甸区,经开区
东西湖区,经开区
东湖新技术开发区,经开区
江岸区,经开区
江汉区,经开区
经开区,经开区
江汉区,经开区
经开区,经开区
东西湖区,经开区
孝昌县,经开区
东湖新技术开发区,经开区
汉阳区,经开区
硚口区,经开区
经开区,经开区
东湖新技术开发区,经开区
东湖新技术开发区,经开区
武昌区,经开区
经开区,经开区
东西湖区,经开区
东湖新技术开发区,经开区
洪山区,经开区
东西湖区,经开区
硚口区,经开区
东西湖区,经开区
经开区,经开区
东湖新技术开发区,经开区
经开区,经开区
江汉区,经开区
经开区,经开区
经开区,经开区
东湖新技术开发区,经开区
经开区,经开区
东西湖区,经开区
经开区,经开区
经开区,经开区
经开区,经开区
汉阳区,经开区
江岸区,经开区
经开区,经开区
东西湖区,经开区
东湖新技术开发区,经开区
汉阳区,经开区
汉阳区,经开区
洪山区,经开区
汉阳区,经开区
经开区,经开区
东湖新技术开发区,经开区
江汉区,经开区
经开区,经开区
东西湖区,经开区
东湖新技术开发区,经开区
经开区,经开区
经开区,经开区
东湖新技术开发区,经开区
经开区,经开区
洪山区,经开区
硚口区,经开区
洪山区,经开区
经开区,经开区
汉阳区,经开区
东西湖区,经开区
江岸区,经开区
武昌区,经开区
江岸区,经开区
蔡甸区,经开区
蔡甸区,经开区
经开区,经开区
经开区,经开区
江汉区,经开区
江岸区,经开区
江岸区,经开区
汉阳区,经开区
江岸区,经开区
江汉区,经开区
武昌区,经开区
经开区,经开区
江汉区,经开区
东湖新技术开发区,经开区
东湖新技术开发区,经开区
江岸区,经开区
东湖新技术开发区,经开区
经开区,经开区
武昌区,经开区
经开区,经开区
东湖新技术开发区,经开区
汉阳区,经开区
经开区,经开区
经开区,经开区
东湖新技术开发区,经开区
经开区,经开区
东西湖区,经开区
经开区,经开区
经开区,经开区
汉阳区,经开区
洪山区,经开区
经开区,经开区
经开区,经开区
经开区,经开区
经开区,经开区
经开区,经开区
武昌区,经开区
蔡甸区,经开区
经开区,经开区
经开区,经开区
江岸区,经开区
武昌区,经开区
武昌区,经开区
东西湖区,经开区
经开区,经开区
硚口区,经开区
经开区,经开区
东西湖区,经开区
硚口区,经开区
江岸区,经开区
硚口区,经开区
东湖新技术开发区,经开区
汉阳区,经开区
东西湖区,经开区
经开区,经开区
洪山区,经开区
江岸区,经开区
经开区,经开区
东西湖区,经开区
经开区,经开区
江汉区,经开区
江岸区,经开区
经开区,经开区
东西湖区,经开区
经开区,经开区
硚口区,经开区
汉阳区,经开区
经开区,经开区
硚口区,经开区
经开区,经开区
东西湖区,经开区
经开区,经开区
经开区,经开区
经开区,经开区
东西湖区,经开区
仙桃市,经开区
江岸区,经开区
武昌区,经开区
东湖新技术开发区,经开区
洪山区,经开区
蔡甸区,经开区
经开区,经开区
洪山区,经开区
经开区,经开区
青山区,经开区
洪山区,经开区
东西湖区,经开区
经开区,经开区
东西湖区,经开区
经开区,经开区
经开区,经开区
经开区,经开区
经开区,经开区
经开区,经开区
经开区,经开区
洪山区,经开区
硚口区,经开区
洪山区,经开区
经开区,经开区
经开区,经开区
东湖新技术开发区,经开区
东湖新技术开发区,经开区
汉阳区,经开区
经开区,经开区
经开区,经开区
汉阳区,经开区
经开区,经开区
洪山区,经开区
经开区,经开区
江汉区,经开区
经开区,经开区
武昌区,经开区
经开区,经开区
汉阳区,经开区
经开区,经开区
汉阳区,经开区
经开区,经开区
经开区,经开区
仙桃市,经开区
洪山区,经开区
江岸区,经开区
武昌区,经开区
经开区,经开区
汉阳区,经开区
黄陂区,经开区
经开区,经开区
东西湖区,经开区
蔡甸区,经开区
仙桃市,经开区
东西湖区,经开区
经开区,经开区
东湖新技术开发区,经开区
东西湖区,经开区
经开区,经开区
汉阳区,经开区
经开区,经开区
经开区,经开区
洪山区,经开区
江汉区,经开区
汉阳区,经开区
汉阳区,经开区
经开区,经开区
武昌区,经开区
经开区,经开区
经开区,经开区
江岸区,经开区
经开区,经开区
经开区,经开区
硚口区,经开区
经开区,经开区
洪山区,经开区
武昌区,经开区
经开区,经开区
硚口区,经开区
经开区,经开区
洪山区,经开区
硚口区,经开区
东西湖区,经开区
汉阳区,经开区
东西湖区,经开区
东湖新技术开发区,经开区
经开区,经开区
江岸区,经开区
经开区,经开区
东湖新技术开发区,经开区
经开区,经开区
汉阳区,经开区
江岸区,经开区
武昌区,经开区
经开区,经开区
东西湖区,经开区
江汉区,经开区
经开区,经开区
武昌区,经开区
青山区,经开区
江汉区,经开区
经开区,经开区
东湖新技术开发区,经开区
江岸区,经开区
硚口区,经开区
东西湖区,经开区
汉阳区,经开区
蔡甸区,经开区
江岸区,经开区
洪山区,经开区
经开区,经开区
汉阳区,经开区
武昌区,经开区
江岸区,经开区
仙桃市,经开区
新洲区,经开区
新洲区,经开区
汉阳区,经开区
经开区,经开区
汉阳区,经开区
蔡甸区,经开区
武昌区,经开区
汉阳区,经开区
黄陂区,经开区
经开区,经开区
江汉区,经开区
蔡甸区,经开区
经开区,经开区
经开区,经开区
东西湖区,经开区
经开区,经开区
东湖新技术开发区,经开区
武昌区,经开区
江岸区,经开区
经开区,经开区
武昌区,经开区
硚口区,经开区
经开区,经开区
仙桃市,经开区
经开区,经开区
经开区,经开区
汉阳区,经开区
东西湖区,经开区
蔡甸区,经开区
经开区,经开区
汉阳区,经开区
东西湖区,经开区
东西湖区,经开区
东西湖区,经开区
经开区,经开区
经开区,经开区
洪山区,经开区
经开区,经开区
东西湖区,经开区
东湖新技术开发区,经开区
汉阳区,经开区
东湖新技术开发区,经开区
江汉区,经开区
经开区,经开区
经开区,经开区
武昌区,经开区
武昌区,经开区
经开区,经开区
经开区,经开区
汉阳区,经开区
蔡甸区,经开区
洪山区,经开区
洪山区,经开区
经开区,经开区
仙桃市,经开区
经开区,经开区
经开区,经开区
武昌区,经开区
经开区,经开区
仙桃市,经开区
东湖新技术开发区,经开区
硚口区,经开区
硚口区,经开区
蔡甸区,经开区
洪山区,经开区
武昌区,经开区
武昌区,经开区
硚口区,经开区
江岸区,经开区
经开区,经开区
东湖新技术开发区,经开区
经开区,经开区
江岸区,经开区
东西湖区,经开区
汉阳区,经开区
洪山区,经开区
江岸区,经开区
经开区,经开区
经开区,经开区
江汉区,经开区
汉阳区,经开区
经开区,经开区
武昌区,经开区
武昌区,经开区
江岸区,经开区
硚口区,经开区
江岸区,经开区
东西湖区,经开区
硚口区,经开区
武昌区,经开区
武昌区,经开区
东湖新技术开发区,经开区
东西湖区,经开区
经开区,经开区
经开区,经开区
经开区,经开区
东湖新技术开发区,经开区
江汉区,经开区
武昌区,经开区
东西湖区,经开区
江夏区,经开区
经开区,经开区
仙桃市,经开区
经开区,经开区
武昌区,经开区
江汉区,经开区
蔡甸区,经开区
武昌区,经开区
江夏区,经开区
江汉区,经开区
东湖新技术开发区,经开区
东湖新技术开发区,经开区
江汉区,经开区
东湖新技术开发区,经开区
东西湖区,经开区
汉阳区,经开区
硚口区,经开区
洪山区,经开区
汉阳区,经开区
江岸区,经开区
经开区,经开区
江汉区,经开区
江汉区,经开区
经开区,经开区
孝昌县,经开区
蔡甸区,经开区
经开区,经开区
江汉区,经开区
经开区,经开区
江夏区,经开区
硚口区,经开区
汉阳区,经开区
江岸区,经开区
江岸区,经开区
经开区,经开区
经开区,经开区
江岸区,经开区
经开区,经开区
经开区,经开区
汉阳区,经开区
江汉区,经开区
经开区,经开区
东西湖区,经开区
经开区,经开区
经开区,经开区
蔡甸区,经开区
经开区,经开区
经开区,经开区
江岸区,经开区
蔡甸区,经开区
东湖新技术开发区,经开区
江岸区,经开区
东湖新技术开发区,经开区
洪山区,经开区
汉阳区,经开区
洪山区,经开区
武昌区,经开区
武昌区,经开区
东西湖区,经开区
东西湖区,经开区
东西湖区,经开区
经开区,经开区
经开区,经开区
硚口区,经开区
汉阳区,经开区
江夏区,经开区
江岸区,经开区
经开区,经开区
东西湖区,经开区
东湖新技术开发区,经开区
经开区,经开区
东西湖区,经开区
经开区,经开区
江岸区,经开区
经开区,经开区
硚口区,经开区
经开区,经开区
汉阳区,经开区
江汉区,经开区
经开区,经开区
蔡甸区,经开区
经开区,经开区
汉阳区,经开区
经开区,经开区
武昌区,经开区
经开区,经开区
东湖新技术开发区,经开区
经开区,经开区
汉阳区,经开区
江汉区,经开区
经开区,经开区
洪山区,经开区
经开区,经开区
江岸区,经开区
经开区,经开区
东湖新技术开发区,经开区
东西湖区,经开区
经开区,经开区
经开区,经开区
东西湖区,经开区
东西湖区,经开区
经开区,经开区
经开区,经开区
经开区,经开区
蔡甸区,经开区
经开区,经开区
经开区,经开区
汉阳区,经开区
洪山区,经开区
汉阳区,经开区
汉阳区,经开区
洪山区,经开区
孝昌县,经开区
武昌区,经开区
汉阳区,经开区
孝昌县,经开区
青山区,经开区
江岸区,经开区
经开区,经开区
经开区,经开区
经开区,经开区
江汉区,经开区
经开区,经开区
经开区,经开区
东西湖区,经开区
江岸区,经开区
东西湖区,经开区
硚口区,经开区
东湖新技术开发区,经开区
经开区,经开区
仙桃市,经开区
硚口区,经开区
洪山区,经开区
江汉区,经开区
经开区,经开区
汉阳区,经开区
江汉区,经开区
东西湖区,经开区
江岸区,经开区
东西湖区,经开区
经开区,经开区
东西湖区,经开区
经开区,经开区
东西湖区,经开区
洪山区,经开区
经开区,经开区
洪山区,经开区
经开区,经开区
经开区,经开区
经开区,经开区
武昌区,经开区
武昌区,经开区
江岸区,经开区
江岸区,经开区
武昌区,经开区
经开区,经开区
新洲区,经开区
经开区,经开区
经开区,经开区
江岸区,经开区
武昌区,经开区
汉阳区,经开区
经开区,经开区
东湖新技术开发区,经开区
武昌区,经开区
东西湖区,经开区
东西湖区,经开区
汉阳区,经开区
汉阳区,经开区
武昌区,经开区
江岸区,经开区
武昌区,经开区
经开区,经开区
经开区,经开区
江岸区,经开区
硚口区,经开区
经开区,经开区
经开区,经开区
经开区,经开区
经开区,经开区
经开区,经开区
东西湖区,经开区
经开区,经开区
黄州区,经开区
经开区,经开区
东西湖区,经开区
硚口区,经开区
东湖新技术开发区,经开区
江岸区,经开区
江岸区,经开区
东西湖区,经开区
经开区,经开区
东西湖区,经开区
青山区,经开区
江汉区,经开区
武昌区,经开区
东西湖区,经开区
洪山区,经开区
汉阳区,经开区
硚口区,经开区
经开区,经开区
东湖新技术开发区,经开区
东湖新技术开发区,经开区
经开区,经开区
经开区,经开区
汉阳区,经开区
东湖新技术开发区,经开区
东湖新技术开发区,经开区
江汉区,经开区
江夏区,经开区
经开区,经开区
汉阳区,经开区
经开区,经开区
经开区,经开区
汉阳区,经开区
硚口区,经开区
洪山区,经开区
洪山区,经开区
武昌区,经开区
经开区,经开区
江岸区,经开区
江汉区,经开区
经开区,经开区
经开区,经开区
洪山区,经开区
江岸区,经开区
汉阳区,经开区
汉阳区,经开区
汉阳区,经开区
东西湖区,经开区
硚口区,经开区
洪山区,经开区
东湖新技术开发区,经开区
经开区,经开区
江岸区,经开区
江岸区,经开区
经开区,经开区
经开区,经开区
汉阳区,经开区
经开区,经开区
黄州区,经开区
江汉区,经开区
江汉区,经开区
经开区,经开区
经开区,经开区
江汉区,经开区
江岸区,经开区
江岸区,经开区
硚口区,经开区
东湖新技术开发区,经开区
武昌区,经开区
经开区,经开区
武昌区,经开区
汉阳区,经开区
江岸区,经开区
东西湖区,经开区
武昌区,经开区
江汉区,经开区
经开区,经开区
江岸区,经开区
东西湖区,经开区
经开区,经开区
硚口区,经开区
东湖新技术开发区,经开区
经开区,经开区
东湖新技术开发区,经开区
东西湖区,经开区
经开区,经开区
东湖新技术开发区,经开区
江岸区,经开区
青山区,经开区
武昌区,经开区
蔡甸区,经开区
孝昌县,经开区
东西湖区,经开区
东西湖区,经开区
经开区,经开区
江岸区,经开区
江汉区,经开区
经开区,经开区
东西湖区,经开区
江汉区,经开区
汉阳区,经开区
新洲区,经开区
东湖新技术开发区,经开区
武昌区,经开区
经开区,经开区
经开区,经开区
汉阳区,经开区
江岸区,经开区
经开区,经开区
东西湖区,经开区
经开区,经开区
经开区,经开区
经开区,经开区
经开区,经开区
经开区,经开区
东湖新技术开发区,经开区
经开区,经开区
仙桃市,经开区
洪山区,经开区
东西湖区,经开区
仙桃市,经开区
汉阳区,经开区
东西湖区,经开区
经开区,经开区
经开区,经开区
硚口区,经开区
江岸区,经开区
经开区,经开区
经开区,经开区
江汉区,经开区
东湖新技术开发区,经开区
经开区,经开区
经开区,经开区
东西湖区,经开区
江夏区,经开区
硚口区,经开区
经开区,经开区
硚口区,经开区
江汉区,经开区
汉阳区,经开区
汉阳区,经开区
经开区,经开区
经开区,经开区
洪山区,经开区
东西湖区,经开区
经开区,经开区
经开区,经开区
东西湖区,经开区
汉阳区,经开区
江汉区,经开区
洪山区,经开区
蔡甸区,经开区
经开区,经开区
江汉区,经开区
武昌区,经开区
江岸区,经开区
东西湖区,经开区
东湖新技术开发区,经开区
江汉区,经开区
硚口区,经开区
硚口区,经开区
江岸区,经开区
江岸区,经开区
江汉区,经开区
经开区,经开区
江岸区,经开区
硚口区,经开区
经开区,经开区
江汉区,经开区
经开区,经开区
经开区,经开区
洪山区,经开区
经开区,经开区
经开区,经开区
江汉区,经开区
咸安区,经开区
经开区,经开区
经开区,经开区
经开区,经开区
经开区,经开区
武昌区,经开区
经开区,经开区
硚口区,经开区
江岸区,经开区
江夏区,经开区
经开区,经开区
经开区,经开区
江岸区,经开区
汉阳区,经开区
江汉区,经开区
经开区,经开区
硚口区,经开区
经开区,经开区
东湖新技术开发区,经开区
经开区,经开区
蔡甸区,经开区
汉阳区,经开区
江汉区,经开区
江汉区,经开区
东西湖区,经开区
经开区,经开区
东湖新技术开发区,经开区
经开区,经开区
经开区,经开区
江汉区,经开区
汉阳区,经开区
经开区,经开区
经开区,经开区
经开区,经开区
经开区,经开区
经开区,经开区
武昌区,经开区
经开区,经开区
经开区,经开区
经开区,经开区
经开区,经开区
东湖新技术开发区,经开区
经开区,经开区
汉阳区,经开区
经开区,经开区
蔡甸区,经开区
硚口区,经开区
东西湖区,经开区
江汉区,经开区
东西湖区,经开区
经开区,经开区
经开区,经开区
经开区,经开区
经开区,经开区
江汉区,经开区
经开区,经开区
经开区,经开区
东西湖区,经开区
经开区,经开区
经开区,经开区
洪山区,经开区
武昌区,经开区
武昌区,经开区
武昌区,经开区
武昌区,经开区
经开区,经开区
汉阳区,经开区
东湖新技术开发区,经开区
汉阳区,经开区
经开区,经开区
汉阳区,经开区
仙桃市,经开区
汉阳区,经开区
汉阳区,经开区
江夏区,经开区
经开区,经开区
汉阳区,经开区
东西湖区,经开区
东西湖区,经开区
武昌区,经开区
经开区,经开区
东湖新技术开发区,经开区
硚口区,经开区
东西湖区,经开区
经开区,经开区
东西湖区,经开区
经开区,经开区
洪山区,经开区
东湖新技术开发区,经开区
汉阳区,经开区
经开区,经开区
经开区,经开区
东西湖区,经开区
仙桃市,经开区
经开区,经开区
江岸区,经开区
经开区,经开区
经开区,经开区
经开区,经开区
武昌区,经开区
汉阳区,经开区
青山区,经开区
汉阳区,经开区
东西湖区,经开区
东西湖区,经开区
东西湖区,经开区
经开区,经开区
硚口区,经开区
经开区,经开区
经开区,经开区
经开区,经开区
经开区,经开区
经开区,经开区
东西湖区,经开区
经开区,经开区
武昌区,经开区
洪山区,经开区
咸安区,经开区
东湖新技术开发区,经开区
东西湖区,经开区
经开区,经开区
东西湖区,经开区
经开区,经开区
经开区,经开区
东西湖区,经开区
经开区,经开区
汉阳区,经开区
东湖新技术开发区,经开区
经开区,经开区
经开区,经开区
经开区,经开区
经开区,经开区
经开区,经开区
江夏区,经开区
经开区,经开区
经开区,经开区
汉阳区,经开区
洪山区,经开区
蔡甸区,经开区
经开区,经开区
东西湖区,经开区
东西湖区,经开区
硚口区,经开区
武昌区,经开区
硚口区,经开区
经开区,经开区
东西湖区,经开区
江夏区,经开区
硚口区,经开区
江汉区,经开区
经开区,经开区
江岸区,经开区
东西湖区,经开区
经开区,经开区
汉阳区,经开区
东湖新技术开发区,经开区
江岸区,经开区
经开区,经开区
经开区,经开区
东西湖区,经开区
经开区,经开区
武昌区,经开区
硚口区,经开区
经开区,经开区
东湖新技术开发区,经开区
经开区,经开区
东西湖区,经开区
经开区,经开区
武昌区,经开区
武昌区,经开区
汉阳区,经开区
东湖新技术开发区,经开区
东西湖区,经开区
汉阳区,经开区
东西湖区,经开区
洪山区,经开区
硚口区,经开区
江岸区,经开区
洪山区,经开区
经开区,经开区
东西湖区,经开区
武昌区,经开区
经开区,经开区
浠水县,经开区
洪山区,经开区
经开区,经开区
经开区,经开区
硚口区,经开区
东西湖区,经开区
东湖新技术开发区,经开区
江岸区,经开区
蔡甸区,经开区
东湖新技术开发区,经开区
东西湖区,经开区
江岸区,经开区
江汉区,经开区
经开区,经开区
东湖新技术开发区,经开区
洪山区,经开区
武昌区,经开区
经开区,经开区
经开区,经开区
经开区,经开区
东西湖区,经开区
经开区,经开区
东西湖区,经开区
经开区,经开区
武昌区,经开区
经开区,经开区
东湖新技术开发区,经开区
江汉区,经开区
经开区,经开区
经开区,经开区
新洲区,经开区
经开区,经开区
东西湖区,经开区
硚口区,经开区
经开区,经开区
东西湖区,经开区
汉阳区,经开区
东西湖区,经开区
武昌区,经开区
经开区,经开区
东西湖区,经开区
东湖新技术开发区,经开区
武昌区,经开区
经开区,经开区
蔡甸区,经开区
经开区,经开区
硚口区,经开区
武昌区,经开区
洪山区,经开区
经开区,经开区
蔡甸区,经开区
经开区,经开区
江岸区,经开区
汉阳区,经开区
经开区,经开区
经开区,经开区
江岸区,经开区
江汉区,经开区
经开区,经开区
经开区,经开区
蔡甸区,经开区
武昌区,经开区
经开区,经开区
经开区,经开区
东湖新技术开发区,经开区
洪山区,经开区
武昌区,经开区
东西湖区,经开区
经开区,经开区
东湖新技术开发区,经开区
东西湖区,经开区
经开区,经开区
硚口区,经开区
江汉区,经开区
江岸区,经开区
经开区,经开区
经开区,经开区
江岸区,经开区
东西湖区,经开区
经开区,经开区
硚口区,经开区
经开区,经开区
江岸区,经开区
汉阳区,经开区
洪山区,经开区
江汉区,经开区
东西湖区,经开区
洪山区,经开区
江岸区,经开区
经开区,经开区
东湖新技术开发区,经开区
江夏区,经开区
硚口区,经开区
硚口区,经开区
江汉区,经开区
经开区,经开区
汉阳区,经开区
经开区,经开区
黄陂区,经开区
汉阳区,经开区
经开区,经开区
东湖新技术开发区,经开区
经开区,经开区
经开区,经开区
经开区,经开区
经开区,经开区
东湖新技术开发区,经开区
江岸区,经开区
黄陂区,经开区
经开区,经开区
经开区,经开区
硚口区,经开区
经开区,经开区
江汉区,经开区
硚口区,经开区
经开区,经开区
经开区,经开区
汉阳区,经开区
经开区,经开区
东西湖区,经开区
江岸区,经开区
东湖新技术开发区,经开区
武昌区,经开区
经开区,经开区
汉阳区,经开区
江岸区,经开区
蔡甸区,经开区
汉阳区,经开区
蔡甸区,经开区
经开区,经开区
汉阳区,经开区
经开区,经开区
经开区,经开区
经开区,经开区
东西湖区,经开区
硚口区,经开区
东西湖区,经开区
经开区,经开区
东西湖区,经开区
汉阳区,经开区
经开区,经开区
东湖新技术开发区,经开区
东西湖区,经开区
武昌区,经开区
硚口区,经开区
东湖新技术开发区,经开区
经开区,经开区
东西湖区,经开区
武昌区,经开区
汉阳区,经开区
东西湖区,经开区
东湖新技术开发区,经开区
经开区,经开区
东西湖区,经开区
江岸区,经开区
经开区,经开区
经开区,经开区
东湖新技术开发区,经开区
武昌区,经开区
经开区,经开区
经开区,经开区
蔡甸区,经开区
经开区,经开区
武昌区,经开区
江岸区,经开区
经开区,经开区
东湖新技术开发区,经开区
江汉区,经开区
经开区,经开区
东湖新技术开发区,经开区
江汉区,经开区
经开区,经开区
东湖新技术开发区,经开区
江汉区,经开区
经开区,经开区
武昌区,经开区
青山区,经开区
洪山区,经开区
洪山区,经开区
汉阳区,经开区
东西湖区,经开区
东西湖区,经开区
武昌区,经开区
东湖新技术开发区,经开区
经开区,经开区
仙桃市,经开区
新洲区,经开区
江岸区,经开区
东湖新技术开发区,经开区
汉阳区,经开区
经开区,经开区
经开区,经开区
东西湖区,经开区
经开区,经开区
汉阳区,经开区
汉阳区,经开区
经开区,经开区
汉阳区,经开区
东西湖区,经开区
经开区,经开区
蔡甸区,经开区
汉阳区,经开区
经开区,经开区
东湖新技术开发区,经开区
汉阳区,经开区
经开区,经开区
经开区,经开区
汉阳区,经开区
经开区,经开区
经开区,经开区